{
  "config": {
    "batch_size": 8,
    "d_models": [
      16
    ],
    "seq_lens": [
      256
    ],
    "warmup_steps": 2,
    "steps": 3,
    "device": "cuda",
    "seed": 42,
    "causal": true,
    "output_dir": "results/benchmarks/pytorch_attention/smoke"
  },
  "results": [
    {
      "batch_size": 8,
      "d_model": 16,
      "seq_len": 256,
      "causal": true,
      "status": "ok",
      "forward_timings_seconds": [
        5.834799958392978e-05,
        4.873400030191988e-05,
        4.60800074506551e-05
      ],
      "forward_mean_seconds": 5.105400244550159e-05,
      "forward_std_seconds": 6.454666157532093e-06,
      "backward_timings_seconds": [
        0.00015625600644852966,
        0.00019404299382586032,
        0.00013939000200480223
      ],
      "backward_mean_seconds": 0.0001632296674263974,
      "backward_std_seconds": 2.7985913230120564e-05,
      "memory_before_backward_bytes": [
        20381696,
        20381696,
        20381696
      ],
      "memory_before_backward_mean_mib": 19.4375,
      "memory_before_backward_max_mib": 19.4375,
      "peak_allocated_mib": 25.5625,
      "peak_reserved_mib": 42.0
    }
  ]
}
