{
  "mode": "forward",
  "size": "large",
  "batch_size": 4,
  "context_length": 256,
  "vocab_size": 10000,
  "warmup_steps": 5,
  "measure_steps": 10,
  "device": "cuda",
  "dtype": "torch.float32",
  "num_parameters": 969411840,
  "timings_seconds": [
    0.1078101279999828,
    0.1115395280003213,
    0.10781774899987795,
    0.11183376200006023,
    0.11115661900021223,
    0.11483453500022733,
    0.11163765999981479,
    0.11457838800015452,
    0.11147736000020814,
    0.11492268299980424
  ],
  "mean_seconds": 0.11176084120006635,
  "std_seconds": 0.002561562774816361
}
