{
  "mode": "forward",
  "size": "medium",
  "batch_size": 4,
  "context_length": 256,
  "vocab_size": 10000,
  "warmup_steps": 5,
  "measure_steps": 10,
  "device": "cuda",
  "dtype": "torch.float32",
  "num_parameters": 423183360,
  "timings_seconds": [
    0.049546976999863546,
    0.051728913000260945,
    0.051604615000087506,
    0.04816132599989942,
    0.051843477999682364,
    0.05173684500005038,
    0.048211477999757335,
    0.051690767999843956,
    0.05158652799991614,
    0.0505427579996649
  ],
  "mean_seconds": 0.05066536859990265,
  "std_seconds": 0.0014909703792344595
}
