{
  "mode": "backward",
  "size": "medium",
  "batch_size": 4,
  "context_length": 256,
  "vocab_size": 10000,
  "warmup_steps": 5,
  "measure_steps": 10,
  "device": "cuda",
  "dtype": "torch.float32",
  "num_parameters": 423183360,
  "timings_seconds": [
    0.10174133199961943,
    0.10126564800020788,
    0.10156856399999015,
    0.10409812899979443,
    0.10444858299979387,
    0.10255523199975869,
    0.10237881900002321,
    0.10512015899985272,
    0.10496854099983466,
    0.10706511399985175
  ],
  "mean_seconds": 0.10352101209987268,
  "std_seconds": 0.0019064230332420135
}
