{
  "mode": "forward",
  "size": "small",
  "batch_size": 4,
  "context_length": 256,
  "vocab_size": 10000,
  "warmup_steps": 0,
  "measure_steps": 10,
  "device": "cuda",
  "dtype": "torch.float32",
  "num_parameters": 128625408,
  "timings_seconds": [
    0.14792312200006563,
    0.021460162000039418,
    0.01952225599961821,
    0.019438785999682295,
    0.021524584999951912,
    0.017378934999669582,
    0.02152691799983586,
    0.01742287800016129,
    0.02147059699973397,
    0.017449565999868355
  ],
  "mean_seconds": 0.032511780499862655,
  "std_seconds": 0.04059062378006037
}
