{
  "mode": "forward",
  "size": "small",
  "batch_size": 4,
  "context_length": 256,
  "vocab_size": 10000,
  "warmup_steps": 5,
  "measure_steps": 10,
  "device": "cuda",
  "dtype": "torch.float32",
  "num_parameters": 128625408,
  "timings_seconds": [
    0.02150957499998185,
    0.01757578900014778,
    0.02156379299958644,
    0.021479741999883117,
    0.01795040799970593,
    0.02147277199992459,
    0.019754912000280456,
    0.019356808999873465,
    0.021546408000176598,
    0.017756048000137525
  ],
  "mean_seconds": 0.019996625599969776,
  "std_seconds": 0.0017340041176668818
}
