{
  "mode": "backward",
  "size": "small",
  "batch_size": 4,
  "context_length": 256,
  "vocab_size": 10000,
  "warmup_steps": 1,
  "measure_steps": 10,
  "device": "cuda",
  "dtype": "torch.float32",
  "num_parameters": 128625408,
  "timings_seconds": [
    0.034956696999870474,
    0.03535717300019314,
    0.035206004999963625,
    0.03721915000005538,
    0.03904166000029363,
    0.03536165900004562,
    0.03539011000020764,
    0.0352805319998879,
    0.035388677999890206,
    0.03904954200015709
  ],
  "mean_seconds": 0.03622512060005647,
  "std_seconds": 0.0016101713311860559
}
