{
  "mode": "forward",
  "size": "small",
  "batch_size": 4,
  "context_length": 256,
  "vocab_size": 10000,
  "warmup_steps": 2,
  "measure_steps": 10,
  "device": "cuda",
  "dtype": "torch.float32",
  "num_parameters": 128625408,
  "timings_seconds": [
    0.021516774000247096,
    0.020288328000333422,
    0.019418428000335552,
    0.021508062999600952,
    0.01827145900006144,
    0.02133662500000355,
    0.0181425640002999,
    0.021434515999771975,
    0.02151128700006666,
    0.01853635999987091
  ],
  "mean_seconds": 0.020196440400059145,
  "std_seconds": 0.0014651083983272801
}
