{
  "mode": "backward",
  "size": "small",
  "batch_size": 4,
  "context_length": 256,
  "vocab_size": 10000,
  "warmup_steps": 5,
  "measure_steps": 10,
  "device": "cuda",
  "dtype": "torch.float32",
  "num_parameters": 128625408,
  "timings_seconds": [
    0.0358980219998557,
    0.03605584899969472,
    0.03587728299999071,
    0.03645101699976294,
    0.03602771900023072,
    0.03624508099983359,
    0.03595816899996862,
    0.03726274399969043,
    0.03919121599983555,
    0.03911097099990002
  ],
  "mean_seconds": 0.0368078070998763,
  "std_seconds": 0.0013006655011927784
}
