{
  "mode": "backward",
  "size": "small",
  "batch_size": 4,
  "context_length": 256,
  "vocab_size": 10000,
  "warmup_steps": 2,
  "measure_steps": 10,
  "device": "cuda",
  "dtype": "torch.float32",
  "num_parameters": 128625408,
  "timings_seconds": [
    0.03886028999977498,
    0.0365840270001172,
    0.03668071599986433,
    0.03667939499973727,
    0.036776624000140146,
    0.03721613600009732,
    0.03920451499971023,
    0.036947260000033566,
    0.036544780999975046,
    0.03678558699994028
  ],
  "mean_seconds": 0.037227933099939034,
  "std_seconds": 0.0009736177695314076
}
