{
  "mode": "backward",
  "size": "small",
  "batch_size": 4,
  "context_length": 256,
  "vocab_size": 10000,
  "warmup_steps": 0,
  "measure_steps": 10,
  "device": "cuda",
  "dtype": "torch.float32",
  "num_parameters": 128625408,
  "timings_seconds": [
    0.07352461400023458,
    0.038941445000091335,
    0.03572011400001429,
    0.03589193100015109,
    0.035751959000208444,
    0.037872408000112046,
    0.03568456199991488,
    0.03574028200000612,
    0.03907805200014991,
    0.0357465509996473
  ],
  "mean_seconds": 0.040395191800053,
  "std_seconds": 0.011723360777067843
}
