{
  "mode": "forward",
  "size": "small",
  "batch_size": 4,
  "context_length": 256,
  "vocab_size": 10000,
  "warmup_steps": 1,
  "measure_steps": 10,
  "device": "cuda",
  "dtype": "torch.float32",
  "num_parameters": 128625408,
  "timings_seconds": [
    0.02149496199990608,
    0.018911157999809802,
    0.021444890000111627,
    0.018914373000370688,
    0.021520430000236956,
    0.021117689999755385,
    0.01933741100037878,
    0.021472880999681365,
    0.018957535000026837,
    0.021463788999881217
  ],
  "mean_seconds": 0.020463511900015875,
  "std_seconds": 0.0012444142315823545
}
