{
  "mode": "forward_backward",
  "size": "large",
  "batch_size": 4,
  "context_length": 128,
  "vocab_size": 10000,
  "warmup_steps": 5,
  "measure_steps": 10,
  "device": "cuda",
  "dtype": "torch.float32",
  "enable_nvtx": true,
  "optimizer": null,
  "num_parameters": 969411840,
  "timings_seconds": [
    0.10039622600015718,
    0.10087079000368249,
    0.10122263799712528,
    0.1012542160024168,
    0.10137256298912689,
    0.10126302900607698,
    0.10131844300485682,
    0.1014421979925828,
    0.10144651400332805,
    0.10138606499822345
  ],
  "mean_seconds": 0.10119726819975768,
  "std_seconds": 0.00032653699505225044
}
