{
  "mode": "forward_backward",
  "size": "2.7b",
  "batch_size": 4,
  "context_length": 128,
  "vocab_size": 10000,
  "warmup_steps": 5,
  "measure_steps": 10,
  "device": "cuda",
  "dtype": "torch.float32",
  "enable_nvtx": true,
  "optimizer": null,
  "num_parameters": 3406809600,
  "timings_seconds": [
    0.26012513900059275,
    0.26019635699049104,
    0.2603583810123382,
    0.2607693979953183,
    0.26087147201178595,
    0.2611135149927577,
    0.26109834300586954,
    0.2614019390020985,
    0.2614313719968777,
    0.26150545400741976
  ],
  "mean_seconds": 0.26088713700155497,
  "std_seconds": 0.0005154170328299689
}
