{
  "mode": "forward",
  "size": "xl",
  "batch_size": 4,
  "context_length": 256,
  "vocab_size": 10000,
  "warmup_steps": 5,
  "measure_steps": 10,
  "device": "cuda",
  "dtype": "torch.float32",
  "enable_nvtx": true,
  "optimizer": null,
  "num_parameters": 1998235200,
  "timings_seconds": [
    0.10602920099336188,
    0.10610947200621013,
    0.10614702799648512,
    0.10619400900031906,
    0.10622488500666805,
    0.10630167101044208,
    0.10624028800521046,
    0.10628604699741118,
    0.1062670889950823,
    0.10630250100803096
  ],
  "mean_seconds": 0.10621021910192212,
  "std_seconds": 9.077205889100721e-05
}
