{
  "mode": "forward_backward",
  "size": "small",
  "batch_size": 4,
  "context_length": 512,
  "vocab_size": 10000,
  "warmup_steps": 5,
  "measure_steps": 10,
  "device": "cuda",
  "dtype": "torch.float32",
  "enable_nvtx": true,
  "optimizer": null,
  "num_parameters": 128625408,
  "timings_seconds": [
    0.0529830700106686,
    0.05309610899712425,
    0.053164753000601195,
    0.0533766110020224,
    0.053607638998073526,
    0.05346564500359818,
    0.053627256987965666,
    0.05373407898878213,
    0.053753718006191775,
    0.053794228995684534
  ],
  "mean_seconds": 0.053460310999071226,
  "std_seconds": 0.000293807390759014
}
