{
  "mode": "forward_backward",
  "size": "small",
  "batch_size": 4,
  "context_length": 128,
  "vocab_size": 10000,
  "warmup_steps": 5,
  "measure_steps": 10,
  "device": "cuda",
  "dtype": "torch.float32",
  "enable_nvtx": true,
  "optimizer": null,
  "num_parameters": 128625408,
  "timings_seconds": [
    0.023885568996774964,
    0.02297416899818927,
    0.02441889001056552,
    0.023650796007132158,
    0.02334199199685827,
    0.023711856993031688,
    0.023750576001475565,
    0.02345679399149958,
    0.02446670200151857,
    0.023531637009000406
  ],
  "mean_seconds": 0.023718898200604598,
  "std_seconds": 0.00045742205469127676
}
