{
  "mode": "forward",
  "size": "small",
  "batch_size": 4,
  "context_length": 128,
  "vocab_size": 10000,
  "warmup_steps": 5,
  "measure_steps": 10,
  "device": "cuda",
  "dtype": "torch.float32",
  "enable_nvtx": true,
  "optimizer": null,
  "num_parameters": 128625408,
  "timings_seconds": [
    0.007575436000479385,
    0.007581964993732981,
    0.007588124994072132,
    0.007574303992441855,
    0.007587223008158617,
    0.007592041001771577,
    0.00759043799189385,
    0.007605260005220771,
    0.007594463997520506,
    0.007597228002850898
  ],
  "mean_seconds": 0.007588648398814258,
  "std_seconds": 9.576543785154016e-06
}
