{
  "mode": "forward_backward",
  "size": "medium",
  "batch_size": 4,
  "context_length": 128,
  "vocab_size": 10000,
  "warmup_steps": 5,
  "measure_steps": 10,
  "device": "cuda",
  "dtype": "torch.float32",
  "enable_nvtx": true,
  "optimizer": null,
  "num_parameters": 423183360,
  "timings_seconds": [
    0.04978523300087545,
    0.049818633997347206,
    0.04979903499770444,
    0.04992848899564706,
    0.04989544900308829,
    0.049894918003701605,
    0.04991472800611518,
    0.05007368700171355,
    0.050208729997393675,
    0.05022838899458293
  ],
  "mean_seconds": 0.04995472919981694,
  "std_seconds": 0.000161392813399403
}
