{
  "mode": "forward_backward",
  "size": "large",
  "batch_size": 4,
  "context_length": 256,
  "vocab_size": 10000,
  "warmup_steps": 5,
  "measure_steps": 10,
  "device": "cuda",
  "dtype": "torch.float32",
  "enable_nvtx": true,
  "optimizer": null,
  "num_parameters": 969411840,
  "timings_seconds": [
    0.16496548798750155,
    0.16497796699695755,
    0.1650816030014539,
    0.16516462799336296,
    0.1653495450009359,
    0.16522086100303568,
    0.1653938319941517,
    0.16546121300780214,
    0.16545731699443422,
    0.16555651600356214
  ],
  "mean_seconds": 0.16526289699831978,
  "std_seconds": 0.00021132410735987187
}
