{
  "mode": "forward",
  "size": "xl",
  "batch_size": 4,
  "context_length": 128,
  "vocab_size": 10000,
  "warmup_steps": 5,
  "measure_steps": 10,
  "device": "cuda",
  "dtype": "torch.float32",
  "enable_nvtx": true,
  "optimizer": null,
  "num_parameters": 1998235200,
  "timings_seconds": [
    0.059307343006366864,
    0.0594904680037871,
    0.059523378004087135,
    0.05957733799004927,
    0.05960755399428308,
    0.05963705899193883,
    0.05974364900612272,
    0.05967559698910918,
    0.059669826994650066,
    0.059742757002823055
  ],
  "mean_seconds": 0.05959749699832173,
  "std_seconds": 0.00013207866568740376
}
