{
  "mode": "forward",
  "size": "large",
  "batch_size": 4,
  "context_length": 512,
  "vocab_size": 10000,
  "warmup_steps": 5,
  "measure_steps": 10,
  "device": "cuda",
  "dtype": "torch.float32",
  "enable_nvtx": true,
  "optimizer": null,
  "num_parameters": 969411840,
  "timings_seconds": [
    0.1203502349962946,
    0.12045150699850637,
    0.12059386099281255,
    0.12063152799964882,
    0.12065225900732912,
    0.12071353099599946,
    0.12071160798950586,
    0.12085590499918908,
    0.12080763300764374,
    0.12090900400653481
  ],
  "mean_seconds": 0.12066770709934645,
  "std_seconds": 0.00017377535385582933
}
