{
  "mode": "forward_backward",
  "size": "small",
  "batch_size": 4,
  "context_length": 1024,
  "vocab_size": 10000,
  "warmup_steps": 5,
  "measure_steps": 10,
  "device": "cuda",
  "dtype": "torch.float32",
  "enable_nvtx": true,
  "optimizer": null,
  "num_parameters": 128625408,
  "timings_seconds": [
    0.15233017099671997,
    0.15241950599011034,
    0.1524705210031243,
    0.15249956600018777,
    0.15254915998957586,
    0.15255123299721163,
    0.15263641100318637,
    0.15257657099573407,
    0.15272354199260008,
    0.15277791400149
  ],
  "mean_seconds": 0.15255345949699403,
  "std_seconds": 0.00013512587376363744
}
