{
  "mode": "forward",
  "size": "large",
  "batch_size": 4,
  "context_length": 128,
  "vocab_size": 10000,
  "warmup_steps": 5,
  "measure_steps": 10,
  "device": "cuda",
  "dtype": "torch.float32",
  "enable_nvtx": true,
  "optimizer": null,
  "num_parameters": 969411840,
  "timings_seconds": [
    0.03370195100433193,
    0.03371810499811545,
    0.033746137996786274,
    0.03382158100430388,
    0.03378443499968853,
    0.03381960799742956,
    0.03383881600166205,
    0.0338546499988297,
    0.034152688007452525,
    0.034178326997789554
  ],
  "mean_seconds": 0.03386162990063894,
  "std_seconds": 0.0001681087612584921
}
