{
  "mode": "forward",
  "size": "2.7b",
  "batch_size": 4,
  "context_length": 512,
  "vocab_size": 10000,
  "warmup_steps": 5,
  "measure_steps": 10,
  "device": "cuda",
  "dtype": "torch.float32",
  "enable_nvtx": true,
  "optimizer": null,
  "num_parameters": 3406809600,
  "timings_seconds": [
    0.34833004100073595,
    0.3484546580002643,
    0.3487433629925363,
    0.34913696300645825,
    0.3491193779918831,
    0.34946609899634495,
    0.3497481819940731,
    0.34987395200005267,
    0.35011563400621526,
    0.35030967599595897
  ],
  "mean_seconds": 0.34932979459845226,
  "std_seconds": 0.0006878450914617085
}
