{
  "mode": "forward",
  "size": "large",
  "batch_size": 4,
  "context_length": 256,
  "vocab_size": 10000,
  "warmup_steps": 5,
  "measure_steps": 10,
  "device": "cuda",
  "dtype": "torch.float32",
  "enable_nvtx": true,
  "optimizer": null,
  "num_parameters": 969411840,
  "timings_seconds": [
    0.05513647499901708,
    0.05531292100204155,
    0.055731508997268975,
    0.055787643999792635,
    0.05580453900620341,
    0.05585798900574446,
    0.05591511499369517,
    0.05600139500165824,
    0.05592981798690744,
    0.05593108899483923
  ],
  "mean_seconds": 0.05574084939871682,
  "std_seconds": 0.0002864725891831658
}
