{
  "mode": "forward_backward",
  "size": "small",
  "batch_size": 4,
  "context_length": 256,
  "vocab_size": 10000,
  "warmup_steps": 5,
  "measure_steps": 10,
  "device": "cuda",
  "dtype": "torch.float32",
  "enable_nvtx": true,
  "optimizer": null,
  "num_parameters": 128625408,
  "timings_seconds": [
    0.028359631993225776,
    0.028383429002133198,
    0.0283705089968862,
    0.02845245201024227,
    0.028451070000301115,
    0.028481236004154198,
    0.028482387991971336,
    0.028499672989710234,
    0.02849883199087344,
    0.028515996993519366
  ],
  "mean_seconds": 0.028449521797301713,
  "std_seconds": 5.78830303576873e-05
}
