{
  "mode": "forward_backward",
  "size": "medium",
  "batch_size": 4,
  "context_length": 1024,
  "vocab_size": 10000,
  "warmup_steps": 5,
  "measure_steps": 10,
  "device": "cuda",
  "dtype": "torch.float32",
  "enable_nvtx": true,
  "optimizer": null,
  "num_parameters": 423183360,
  "timings_seconds": [
    0.44129997499112505,
    0.4420795670012012,
    0.4425649669865379,
    0.44308077200548723,
    0.44287728700146545,
    0.4432797409972409,
    0.4437995729967952,
    0.4440413849952165,
    0.4442502789897844,
    0.44449671999609563
  ],
  "mean_seconds": 0.4431770265960949,
  "std_seconds": 0.0010132542243529736
}
